Asia-japan-SF,8
Asia-japan-Family,2
Asia-japan-Horror,4
Asia-japan-Documentary,11
Asia-japan-Drama,86
Asia-japan-Romance,22
Asia-japan-Melodrama,22
Asia-japan-Mystery,9
Asia-japan-Crime,5
Asia-japan-Western,2
Asia-japan-Thriller,9
Asia-japan-Period film,5
Asia-japan-Animation,8
Asia-japan-Action,17
Asia-japan-Adventure,2
Asia-japan-Comedy,23
Asia-japan-Fantasy,6
Europe-france-Documentary,9
Europe-france-Drama,69
Europe-france-Romance,6
Europe-france-Melodrama,6
Europe-france-Crime,2
Europe-france-Thriller,4
Europe-france-Animation,2
Europe-france-Action,4
Europe-france-War,4
Europe-france-Comedy,11
Oceania-australia-Family,2
Oceania-australia-Documentary,4
Oceania-australia-Drama,14
Oceania-australia-Mystery,2
Oceania-australia-Crime,3
Oceania-australia-Thriller,7
Oceania-australia-Animation,2
Oceania-australia-Action,2
North America-unitedstates-Horror,7
North America-unitedstates-Documentary,9
North America-unitedstates-Drama,37
North America-unitedstates-Romance,3
North America-unitedstates-Melodrama,3
North America-unitedstates-Mystery,4
North America-unitedstates-Crime,3
North America-unitedstates-Thriller,7
North America-unitedstates-Animation,2
North America-unitedstates-Action,5
North America-unitedstates-War,2
North America-unitedstates-Comedy,9
North America-canada-SF,3
North America-canada-Horror,3
North America-canada-Drama,21
North America-canada-Romance,5
North America-canada-Melodrama,5
North America-canada-Mystery,2
North America-canada-Thriller,7
North America-canada-Comedy,2
Europe-unitedkingdom-Horror,2
Europe-unitedkingdom-Documentary,5
Europe-unitedkingdom-Drama,15
Europe-unitedkingdom-Romance,3
Europe-unitedkingdom-Melodrama,3
Europe-unitedkingdom-Crime,2
Europe-unitedkingdom-Thriller,3
Europe-unitedkingdom-Comedy,4
Asia-korea-Horror,7
Asia-korea-Documentary,9
Asia-korea-Drama,37
Asia-korea-Romance,3
Asia-korea-Melodrama,3
Asia-korea-Mystery,4
Asia-korea-Crime,3
Asia-korea-Thriller,7
Asia-korea-Animation,2
Asia-korea-Action,5
Asia-korea-War,2
Asia-korea-Comedy,9
Asia-syria-Horror,7
Asia-syria-Documentary,9
Asia-syria-Drama,37
Asia-syria-Romance,3
Asia-syria-Melodrama,3
Asia-syria-Mystery,4
Asia-syria-Crime,3
Asia-syria-Thriller,7
Asia-syria-Animation,2
Asia-syria-Action,5
Asia-syria-War,2
Asia-syria-Comedy,9
Europe-switzerland-SF,8
Europe-switzerland-Family,2
Europe-switzerland-Horror,4
Europe-switzerland-Documentary,11
Europe-switzerland-Drama,86
Europe-switzerland-Romance,22
Europe-switzerland-Melodrama,22
Europe-switzerland-Mystery,9
Europe-switzerland-Crime,5
Europe-switzerland-Western,2
Europe-switzerland-Thriller,9
Europe-switzerland-Period film,5
Europe-switzerland-Animation,8
Europe-switzerland-Action,17
Europe-switzerland-Adventure,2
Europe-switzerland-Comedy,23
Europe-switzerland-Fantasy,6
Europe-germany-Documentary,9
Europe-germany-Drama,69
Europe-germany-Romance,6
Europe-germany-Melodrama,6
Europe-germany-Crime,2
Europe-germany-Thriller,4
Europe-germany-Animation,2
Europe-germany-Action,4
Europe-germany-War,4
Europe-germany-Comedy,11
Asia-taiwan-Family,12
Asia-taiwan-Horror,6
Asia-taiwan-Documentary,44
Asia-taiwan-Drama,176
Asia-taiwan-Romance,32
Asia-taiwan-Melodrama,32
Asia-taiwan-Mystery,9
Asia-taiwan-Crime,6
Asia-taiwan-Thriller,11
Asia-taiwan-Period film,9
Asia-taiwan-Animation,11
Asia-taiwan-Action,15
Asia-taiwan-War,5
Asia-taiwan-Comedy,14
Asia-taiwan-Fantasy,2
Asia-hongkong-Documentary,9
Asia-hongkong-Drama,69
Asia-hongkong-Romance,6
Asia-hongkong-Melodrama,6
Asia-hongkong-Crime,2
Asia-hongkong-Thriller,4
Asia-hongkong-Animation,2
Asia-hongkong-Action,4
Asia-hongkong-War,4
Asia-hongkong-Comedy,11
Asia-india-Family,12
Asia-india-Horror,6
Asia-india-Documentary,44
Asia-india-Drama,176
Asia-india-Romance,32
Asia-india-Melodrama,32
Asia-india-Mystery,9
Asia-india-Crime,6
Asia-india-Thriller,11
Asia-india-Period film,9
Asia-india-Animation,11
Asia-india-Action,15
Asia-india-War,5
Asia-india-Comedy,14
Asia-india-Fantasy,2
Asia-china-Family,12
Asia-china-Horror,6
Asia-china-Documentary,44
Asia-china-Drama,176
Asia-china-Romance,32
Asia-china-Melodrama,32
Asia-china-Mystery,9
Asia-china-Crime,6
Asia-china-Thriller,11
Asia-china-Period film,9
Asia-china-Animation,11
Asia-china-Action,15
Asia-china-War,5
Asia-china-Comedy,14
Asia-china-Fantasy,2
Europe-rumania-Documentary,5
Europe-rumania-Drama,3
Europe-indonesia-Horror,7
Europe-indonesia-Documentary,9
Europe-indonesia-Drama,37
Europe-indonesia-Romance,3
Europe-indonesia-Melodrama,3
Europe-indonesia-Mystery,4
Europe-indonesia-Crime,3
Europe-indonesia-Thriller,7
Europe-indonesia-Animation,2
Europe-indonesia-Action,5
Europe-indonesia-War,2
Europe-indonesia-Comedy,9
Asia-iran-SF,8
Asia-iran-Family,2
Asia-iran-Horror,4
Asia-iran-Documentary,11
Asia-iran-Drama,86
Asia-iran-Romance,22
Asia-iran-Melodrama,22
Asia-iran-Mystery,9
Asia-iran-Crime,5
Asia-iran-Western,2
Asia-iran-Thriller,9
Asia-iran-Period film,5
Asia-iran-Animation,8
Asia-iran-Action,17
Asia-iran-Adventure,2
Asia-iran-Comedy,23
Asia-iran-Fantasy,6
Asia-nepal-Documentary,6
Asia-nepal-Drama,25
Asia-nepal-Romance,2
Asia-nepal-Melodrama,2
Asia-nepal-Thriller,5
Asia-nepal-War,4
Asia-nepal-Comedy,2
North America-mexico-Documentary,9
North America-mexico-Drama,69
North America-mexico-Romance,6
North America-mexico-Melodrama,6
North America-mexico-Crime,2
North America-mexico-Thriller,4
North America-mexico-Animation,2
North America-mexico-Action,4
North America-mexico-War,4
North America-mexico-Comedy,11
South America-chile-Documentary,9
South America-chile-Drama,69
South America-chile-Romance,6
South America-chile-Melodrama,6
South America-chile-Crime,2
South America-chile-Thriller,4
South America-chile-Animation,2
South America-chile-Action,4
South America-chile-War,4
South America-chile-Comedy,11
Asia-philippine-Documentary,4
Asia-philippine-Drama,42
Asia-philippine-Romance,10
Asia-philippine-Melodrama,10
Asia-philippine-Thriller,4
Asia-philippine-Animation,3
Asia-philippine-Adventure,2
Asia-philippine-Comedy,3
Asia-philippine-Fantasy,2
Asia-singapore-Documentary,9
Asia-singapore-Drama,69
Asia-singapore-Romance,6
Asia-singapore-Melodrama,6
Asia-singapore-Crime,2
Asia-singapore-Thriller,4
Asia-singapore-Animation,2
Asia-singapore-Action,4
Asia-singapore-War,4
Asia-singapore-Comedy,11
Europe-belgium-Documentary,5
Europe-belgium-Drama,20
Europe-belgium-Romance,6
Europe-belgium-Melodrama,6
Europe-belgium-Crime,3
Europe-belgium-Thriller,3
Europe-belgium-Comedy,8
South America-argentina-Horror,7
South America-argentina-Documentary,9
South America-argentina-Drama,37
South America-argentina-Romance,3
South America-argentina-Melodrama,3
South America-argentina-Mystery,4
South America-argentina-Crime,3
South America-argentina-Thriller,7
South America-argentina-Animation,2
South America-argentina-Action,5
South America-argentina-War,2
South America-argentina-Comedy,9
Asia-palestine-Horror,7
Asia-palestine-Documentary,9
Asia-palestine-Drama,37
Asia-palestine-Romance,3
Asia-palestine-Melodrama,3
Asia-palestine-Mystery,4
Asia-palestine-Crime,3
Asia-palestine-Thriller,7
Asia-palestine-Animation,2
Asia-palestine-Action,5
Asia-palestine-War,2
Asia-palestine-Comedy,9
Europe-sweden-Family,12
Europe-sweden-Horror,6
Europe-sweden-Documentary,44
Europe-sweden-Drama,176
Europe-sweden-Romance,32
Europe-sweden-Melodrama,32
Europe-sweden-Mystery,9
Europe-sweden-Crime,6
Europe-sweden-Thriller,11
Europe-sweden-Period film,9
Europe-sweden-Animation,11
Europe-sweden-Action,15
Europe-sweden-War,5
Europe-sweden-Comedy,14
Europe-sweden-Fantasy,2
Asia-iraq-Documentary,9
Asia-iraq-Drama,69
Asia-iraq-Romance,6
Asia-iraq-Melodrama,6
Asia-iraq-Crime,2
Asia-iraq-Thriller,4
Asia-iraq-Animation,2
Asia-iraq-Action,4
Asia-iraq-War,4
Asia-iraq-Comedy,11
South America-colombia-Family,12
South America-colombia-Horror,6
South America-colombia-Documentary,44
South America-colombia-Drama,176
South America-colombia-Romance,32
South America-colombia-Melodrama,32
South America-colombia-Mystery,9
South America-colombia-Crime,6
South America-colombia-Thriller,11
South America-colombia-Period film,9
South America-colombia-Animation,11
South America-colombia-Action,15
South America-colombia-War,5
South America-colombia-Comedy,14
South America-colombia-Fantasy,2
Asia-israel-SF,8
Asia-israel-Family,2
Asia-israel-Horror,4
Asia-israel-Documentary,11
Asia-israel-Drama,86
Asia-israel-Romance,22
Asia-israel-Melodrama,22
Asia-israel-Mystery,9
Asia-israel-Crime,5
Asia-israel-Western,2
Asia-israel-Thriller,9
Asia-israel-Period film,5
Asia-israel-Animation,8
Asia-israel-Action,17
Asia-israel-Adventure,2
Asia-israel-Comedy,23
Asia-israel-Fantasy,6
Europe-norway-Documentary,2
Europe-norway-Drama,30
Europe-norway-Romance,8
Europe-norway-Melodrama,8
Europe-norway-Mystery,2
Europe-norway-Crime,10
Europe-norway-Thriller,6
Europe-norway-Action,6
Europe-norway-Comedy,6
Europe-spain-Family,12
Europe-spain-Horror,6
Europe-spain-Documentary,44
Europe-spain-Drama,176
Europe-spain-Romance,32
Europe-spain-Melodrama,32
Europe-spain-Mystery,9
Europe-spain-Crime,6
Europe-spain-Thriller,11
Europe-spain-Period film,9
Europe-spain-Animation,11
Europe-spain-Action,15
Europe-spain-War,5
Europe-spain-Comedy,14
Europe-spain-Fantasy,2
Asia-cambodia-Documentary,11
Asia-cambodia-Drama,55
Asia-cambodia-Romance,5
Asia-cambodia-Melodrama,5
Asia-cambodia-Crime,2
Asia-cambodia-Thriller,5
Asia-cambodia-Animation,4
Asia-cambodia-Action,3
Asia-cambodia-Adventure,3
Asia-cambodia-Comedy,5
Europe-poland-Documentary,9
Europe-poland-Drama,69
Europe-poland-Romance,6
Europe-poland-Melodrama,6
Europe-poland-Crime,2
Europe-poland-Thriller,4
Europe-poland-Animation,2
Europe-poland-Action,4
Europe-poland-War,4
Europe-poland-Comedy,11
Asia-srilanka-Family,3
Asia-srilanka-Documentary,12
Asia-srilanka-Drama,76
Asia-srilanka-Romance,12
Asia-srilanka-Melodrama,12
Asia-srilanka-Mystery,3
Asia-srilanka-Crime,5
Asia-srilanka-Thriller,5
Asia-srilanka-Period film,3
Asia-srilanka-War,3
Asia-srilanka-Comedy,11
Europe-hungary-Family,3
Europe-hungary-Documentary,12
Europe-hungary-Drama,76
Europe-hungary-Romance,12
Europe-hungary-Melodrama,12
Europe-hungary-Mystery,3
Europe-hungary-Crime,5
Europe-hungary-Thriller,5
Europe-hungary-Period film,3
Europe-hungary-War,3
Europe-hungary-Comedy,11
Europe-lithuania-Family,2
Europe-lithuania-Drama,10
Europe-serbia-Family,3
Europe-serbia-Documentary,12
Europe-serbia-Drama,76
Europe-serbia-Romance,12
Europe-serbia-Melodrama,12
Europe-serbia-Mystery,3
Europe-serbia-Crime,5
Europe-serbia-Thriller,5
Europe-serbia-Period film,3
Europe-serbia-War,3
Europe-serbia-Comedy,11
North America-guatemala-Family,12
North America-guatemala-Horror,6
North America-guatemala-Documentary,44
North America-guatemala-Drama,176
North America-guatemala-Romance,32
North America-guatemala-Melodrama,32
North America-guatemala-Mystery,9
North America-guatemala-Crime,6
North America-guatemala-Thriller,11
North America-guatemala-Period film,9
North America-guatemala-Animation,11
North America-guatemala-Action,15
North America-guatemala-War,5
North America-guatemala-Comedy,14
North America-guatemala-Fantasy,2
Asia-kazakhstan-Documentary,11
Asia-kazakhstan-Drama,55
Asia-kazakhstan-Romance,5
Asia-kazakhstan-Melodrama,5
Asia-kazakhstan-Crime,2
Asia-kazakhstan-Thriller,5
Asia-kazakhstan-Animation,4
Asia-kazakhstan-Action,3
Asia-kazakhstan-Adventure,3
Asia-kazakhstan-Comedy,5
Asia-thailand-Documentary,9
Asia-thailand-Drama,69
Asia-thailand-Romance,6
Asia-thailand-Melodrama,6
Asia-thailand-Crime,2
Asia-thailand-Thriller,4
Asia-thailand-Animation,2
Asia-thailand-Action,4
Asia-thailand-War,4
Asia-thailand-Comedy,11
Europe-portugal-Documentary,4
Europe-portugal-Drama,42
Europe-portugal-Romance,10
Europe-portugal-Melodrama,10
Europe-portugal-Thriller,4
Europe-portugal-Animation,3
Europe-portugal-Adventure,2
Europe-portugal-Comedy,3
Europe-portugal-Fantasy,2
North America-cuba-Family,3
North America-cuba-Documentary,12
North America-cuba-Drama,76
North America-cuba-Romance,12
North America-cuba-Melodrama,12
North America-cuba-Mystery,3
North America-cuba-Crime,5
North America-cuba-Thriller,5
North America-cuba-Period film,3
North America-cuba-War,3
North America-cuba-Comedy,11
Asia-vietnam-Documentary,6
Asia-vietnam-Drama,25
Asia-vietnam-Romance,2
Asia-vietnam-Melodrama,2
Asia-vietnam-Thriller,5
Asia-vietnam-War,4
Asia-vietnam-Comedy,2
South America-uruguay-Documentary,2
South America-uruguay-Drama,30
South America-uruguay-Romance,8
South America-uruguay-Melodrama,8
South America-uruguay-Mystery,2
South America-uruguay-Crime,10
South America-uruguay-Thriller,6
South America-uruguay-Action,6
South America-uruguay-Comedy,6
North America-tangerine-Documentary,9
North America-tangerine-Drama,69
North America-tangerine-Romance,6
North America-tangerine-Melodrama,6
North America-tangerine-Crime,2
North America-tangerine-Thriller,4
North America-tangerine-Animation,2
North America-tangerine-Action,4
North America-tangerine-War,4
North America-tangerine-Comedy,11
Asia-turkey-Documentary,2
Asia-turkey-Drama,22
Europe-croatia-Documentary,9
Europe-croatia-Drama,69
Europe-croatia-Romance,6
Europe-croatia-Melodrama,6
Europe-croatia-Crime,2
Europe-croatia-Thriller,4
Europe-croatia-Animation,2
Europe-croatia-Action,4
Europe-croatia-War,4
Europe-croatia-Comedy,11
Europe-czech-Family,2
Europe-czech-Documentary,6
Europe-czech-Drama,41
Europe-czech-Romance,3
Europe-czech-Melodrama,3
Europe-czech-Thriller,2
Europe-czech-Animation,2
Europe-czech-Comedy,6
South America-peru-Documentary,9
South America-peru-Drama,69
South America-peru-Romance,6
South America-peru-Melodrama,6
South America-peru-Crime,2
South America-peru-Thriller,4
South America-peru-Animation,2
South America-peru-Action,4
South America-peru-War,4
South America-peru-Comedy,11
Asia-malaysia-Drama,2
Asia-netherlands-Family,12
Asia-netherlands-Horror,6
Asia-netherlands-Documentary,44
Asia-netherlands-Drama,176
Asia-netherlands-Romance,32
Asia-netherlands-Melodrama,32
Asia-netherlands-Mystery,9
Asia-netherlands-Crime,6
Asia-netherlands-Thriller,11
Asia-netherlands-Period film,9
Asia-netherlands-Animation,11
Asia-netherlands-Action,15
Asia-netherlands-War,5
Asia-netherlands-Comedy,14
Asia-netherlands-Fantasy,2
Africa-egypt-Family,12
Africa-egypt-Horror,6
Africa-egypt-Documentary,44
Africa-egypt-Drama,176
Africa-egypt-Romance,32
Africa-egypt-Melodrama,32
Africa-egypt-Mystery,9
Africa-egypt-Crime,6
Africa-egypt-Thriller,11
Africa-egypt-Period film,9
Africa-egypt-Animation,11
Africa-egypt-Action,15
Africa-egypt-War,5
Africa-egypt-Comedy,14
Africa-egypt-Fantasy,2
Europe-greece-Drama,6
Europe-greece-Thriller,2
Asia-russia-Family,12
Asia-russia-Horror,6
Asia-russia-Documentary,44
Asia-russia-Drama,176
Asia-russia-Romance,32
Asia-russia-Melodrama,32
Asia-russia-Mystery,9
Asia-russia-Crime,6
Asia-russia-Thriller,11
Asia-russia-Period film,9
Asia-russia-Animation,11
Asia-russia-Action,15
Asia-russia-War,5
Asia-russia-Comedy,14
Asia-russia-Fantasy,2
Asia-azerbaijan-SF,8
Asia-azerbaijan-Family,2
Asia-azerbaijan-Horror,4
Asia-azerbaijan-Documentary,11
Asia-azerbaijan-Drama,86
Asia-azerbaijan-Romance,22
Asia-azerbaijan-Melodrama,22
Asia-azerbaijan-Mystery,9
Asia-azerbaijan-Crime,5
Asia-azerbaijan-Western,2
Asia-azerbaijan-Thriller,9
Asia-azerbaijan-Period film,5
Asia-azerbaijan-Animation,8
Asia-azerbaijan-Action,17
Asia-azerbaijan-Adventure,2
Asia-azerbaijan-Comedy,23
Asia-azerbaijan-Fantasy,6
Europe-ukraine-Documentary,11
Europe-ukraine-Drama,55
Europe-ukraine-Romance,5
Europe-ukraine-Melodrama,5
Europe-ukraine-Crime,2
Europe-ukraine-Thriller,5
Europe-ukraine-Animation,4
Europe-ukraine-Action,3
Europe-ukraine-Adventure,3
Europe-ukraine-Comedy,5
Europe-finland-Documentary,9
Europe-finland-Drama,69
Europe-finland-Romance,6
Europe-finland-Melodrama,6
Europe-finland-Crime,2
Europe-finland-Thriller,4
Europe-finland-Animation,2
Europe-finland-Action,4
Europe-finland-War,4
Europe-finland-Comedy,11
Europe-denmark-Documentary,9
Europe-denmark-Drama,69
Europe-denmark-Romance,6
Europe-denmark-Melodrama,6
Europe-denmark-Crime,2
Europe-denmark-Thriller,4
Europe-denmark-Animation,2
Europe-denmark-Action,4
Europe-denmark-War,4
Europe-denmark-Comedy,11
Europe-yugoslavia-Drama,2
Africa-algeria-Documentary,11
Africa-algeria-Drama,55
Africa-algeria-Romance,5
Africa-algeria-Melodrama,5
Africa-algeria-Crime,2
Africa-algeria-Thriller,5
Africa-algeria-Animation,4
Africa-algeria-Action,3
Africa-algeria-Adventure,3
Africa-algeria-Comedy,5
Asia-uzbekistan-Family,3
Asia-uzbekistan-Documentary,12
Asia-uzbekistan-Drama,76
Asia-uzbekistan-Romance,12
Asia-uzbekistan-Melodrama,12
Asia-uzbekistan-Mystery,3
Asia-uzbekistan-Crime,5
Asia-uzbekistan-Thriller,5
Asia-uzbekistan-Period film,3
Asia-uzbekistan-War,3
Asia-uzbekistan-Comedy,11
Africa-mali-Documentary,9
Africa-mali-Drama,69
Africa-mali-Romance,6
Africa-mali-Melodrama,6
Africa-mali-Crime,2
Africa-mali-Thriller,4
Africa-mali-Animation,2
Africa-mali-Action,4
Africa-mali-War,4
Africa-mali-Comedy,11
South America-brazil-Documentary,11
South America-brazil-Drama,55
South America-brazil-Romance,5
South America-brazil-Melodrama,5
South America-brazil-Crime,2
South America-brazil-Thriller,5
South America-brazil-Animation,4
South America-brazil-Action,3
South America-brazil-Adventure,3
South America-brazil-Comedy,5
Asia-kyrgyzstan-Documentary,9
Asia-kyrgyzstan-Drama,69
Asia-kyrgyzstan-Romance,6
Asia-kyrgyzstan-Melodrama,6
Asia-kyrgyzstan-Crime,2
Asia-kyrgyzstan-Thriller,4
Asia-kyrgyzstan-Animation,2
Asia-kyrgyzstan-Action,4
Asia-kyrgyzstan-War,4
Asia-kyrgyzstan-Comedy,11
Asia-mongolia-Horror,7
Asia-mongolia-Documentary,9
Asia-mongolia-Drama,37
Asia-mongolia-Romance,3
Asia-mongolia-Melodrama,3
Asia-mongolia-Mystery,4
Asia-mongolia-Crime,3
Asia-mongolia-Thriller,7
Asia-mongolia-Animation,2
Asia-mongolia-Action,5
Asia-mongolia-War,2
Asia-mongolia-Comedy,9
Europe-iceland-SF,8
Europe-iceland-Family,2
Europe-iceland-Horror,4
Europe-iceland-Documentary,11
Europe-iceland-Drama,86
Europe-iceland-Romance,22
Europe-iceland-Melodrama,22
Europe-iceland-Mystery,9
Europe-iceland-Crime,5
Europe-iceland-Western,2
Europe-iceland-Thriller,9
Europe-iceland-Period film,5
Europe-iceland-Animation,8
Europe-iceland-Action,17
Europe-iceland-Adventure,2
Europe-iceland-Comedy,23
Europe-iceland-Fantasy,6
Asia-bangladesh-Documentary,5
Asia-bangladesh-Drama,41
Asia-bangladesh-Crime,3
Asia-bangladesh-Western,2
Asia-bangladesh-Animation,2
Asia-bangladesh-Action,4
Asia-bangladesh-Adventure,3
Asia-bangladesh-Comedy,7
Asia-bangladesh-Fantasy,2
Africa-morocco-SF,8
Africa-morocco-Family,2
Africa-morocco-Horror,4
Africa-morocco-Documentary,11
Africa-morocco-Drama,86
Africa-morocco-Romance,22
Africa-morocco-Melodrama,22
Africa-morocco-Mystery,9
Africa-morocco-Crime,5
Africa-morocco-Western,2
Africa-morocco-Thriller,9
Africa-morocco-Period film,5
Africa-morocco-Animation,8
Africa-morocco-Action,17
Africa-morocco-Adventure,2
Africa-morocco-Comedy,23
Africa-morocco-Fantasy,6
Asia-yugo-Documentary,9
Asia-yugo-Drama,69
Asia-yugo-Romance,6
Asia-yugo-Melodrama,6
Asia-yugo-Crime,2
Asia-yugo-Thriller,4
Asia-yugo-Animation,2
Asia-yugo-Action,4
Asia-yugo-War,4
Asia-yugo-Comedy,11
Europe-slovenia-Documentary,5
Europe-slovenia-Drama,41
Europe-slovenia-Crime,3
Europe-slovenia-Western,2
Europe-slovenia-Animation,2
Europe-slovenia-Action,4
Europe-slovenia-Adventure,3
Europe-slovenia-Comedy,7
Europe-slovenia-Fantasy,2
South America-venezuela-Documentary,4
South America-venezuela-Drama,11
South America-venezuela-Animation,2
South America-venezuela-Comedy,4
Asia-afghanistan-SF,8
Asia-afghanistan-Family,2
Asia-afghanistan-Horror,4
Asia-afghanistan-Documentary,11
Asia-afghanistan-Drama,86
Asia-afghanistan-Romance,22
Asia-afghanistan-Melodrama,22
Asia-afghanistan-Mystery,9
Asia-afghanistan-Crime,5
Asia-afghanistan-Western,2
Asia-afghanistan-Thriller,9
Asia-afghanistan-Period film,5
Asia-afghanistan-Animation,8
Asia-afghanistan-Action,17
Asia-afghanistan-Adventure,2
Asia-afghanistan-Comedy,23
Asia-afghanistan-Fantasy,6
Asia-armenia-Drama,2
Europe-bosnia-Documentary,11
Europe-bosnia-Drama,55
Europe-bosnia-Romance,5
Europe-bosnia-Melodrama,5
Europe-bosnia-Crime,2
Europe-bosnia-Thriller,5
Europe-bosnia-Animation,4
Europe-bosnia-Action,3
Europe-bosnia-Adventure,3
Europe-bosnia-Comedy,5
Europe-slovakia-Family,3
Europe-slovakia-Documentary,12
Europe-slovakia-Drama,76
Europe-slovakia-Romance,12
Europe-slovakia-Melodrama,12
Europe-slovakia-Mystery,3
Europe-slovakia-Crime,5
Europe-slovakia-Thriller,5
Europe-slovakia-Period film,3
Europe-slovakia-War,3
Europe-slovakia-Comedy,11
Asia-lebanon-Horror,7
Asia-lebanon-Documentary,9
Asia-lebanon-Drama,37
Asia-lebanon-Romance,3
Asia-lebanon-Melodrama,3
Asia-lebanon-Mystery,4
Asia-lebanon-Crime,3
Asia-lebanon-Thriller,7
Asia-lebanon-Animation,2
Asia-lebanon-Action,5
Asia-lebanon-War,2
Asia-lebanon-Comedy,9
Asia-jordan-Documentary,9
Asia-jordan-Drama,69
Asia-jordan-Romance,6
Asia-jordan-Melodrama,6
Asia-jordan-Crime,2
Asia-jordan-Thriller,4
Asia-jordan-Animation,2
Asia-jordan-Action,4
Asia-jordan-War,4
Asia-jordan-Comedy,11
Europe-estonia-Drama,8
Europe-estonia-Comedy,4
Europe-austria-Family,12
Europe-austria-Horror,6
Europe-austria-Documentary,44
Europe-austria-Drama,176
Europe-austria-Romance,32
Europe-austria-Melodrama,32
Europe-austria-Mystery,9
Europe-austria-Crime,6
Europe-austria-Thriller,11
Europe-austria-Period film,9
Europe-austria-Animation,11
Europe-austria-Action,15
Europe-austria-War,5
Europe-austria-Comedy,14
Europe-austria-Fantasy,2
Africa-kenya-SF,8
Africa-kenya-Family,2
Africa-kenya-Horror,4
Africa-kenya-Documentary,11
Africa-kenya-Drama,86
Africa-kenya-Romance,22
Africa-kenya-Melodrama,22
Africa-kenya-Mystery,9
Africa-kenya-Crime,5
Africa-kenya-Western,2
Africa-kenya-Thriller,9
Africa-kenya-Period film,5
Africa-kenya-Animation,8
Africa-kenya-Action,17
Africa-kenya-Adventure,2
Africa-kenya-Comedy,23
Africa-kenya-Fantasy,6
Africa-tunisia-Documentary,11
Africa-tunisia-Drama,55
Africa-tunisia-Romance,5
Africa-tunisia-Melodrama,5
Africa-tunisia-Crime,2
Africa-tunisia-Thriller,5
Africa-tunisia-Animation,4
Africa-tunisia-Action,3
Africa-tunisia-Adventure,3
Africa-tunisia-Comedy,5
Asia-georgia-Documentary,2
Asia-georgia-Drama,9
Africa-southafrica-Family,3
Africa-southafrica-Documentary,12
Africa-southafrica-Drama,76
Africa-southafrica-Romance,12
Africa-southafrica-Melodrama,12
Africa-southafrica-Mystery,3
Africa-southafrica-Crime,5
Africa-southafrica-Thriller,5
Africa-southafrica-Period film,3
Africa-southafrica-War,3
Africa-southafrica-Comedy,11
Europe-macedonia-Documentary,2
Europe-macedonia-Drama,30
Europe-macedonia-Romance,8
Europe-macedonia-Melodrama,8
Europe-macedonia-Mystery,2
Europe-macedonia-Crime,10
Europe-macedonia-Thriller,6
Europe-macedonia-Action,6
Europe-macedonia-Comedy,6
Europe-latvia-Family,2
Europe-latvia-Documentary,6
Europe-latvia-Drama,41
Europe-latvia-Romance,3
Europe-latvia-Melodrama,3
Europe-latvia-Thriller,2
Europe-latvia-Animation,2
Europe-latvia-Comedy,6
Europe-albania-Horror,7
Europe-albania-Documentary,9
Europe-albania-Drama,37
Europe-albania-Romance,3
Europe-albania-Melodrama,3
Europe-albania-Mystery,4
Europe-albania-Crime,3
Europe-albania-Thriller,7
Europe-albania-Animation,2
Europe-albania-Action,5
Europe-albania-War,2
Europe-albania-Comedy,9
North America-puertorico-Documentary,9
North America-puertorico-Drama,69
North America-puertorico-Romance,6
North America-puertorico-Melodrama,6
North America-puertorico-Crime,2
North America-puertorico-Thriller,4
North America-puertorico-Animation,2
North America-puertorico-Action,4
North America-puertorico-War,4
North America-puertorico-Comedy,11
Europe-luxembourg-Family,2
Europe-luxembourg-Documentary,6
Europe-luxembourg-Drama,41
Europe-luxembourg-Romance,3
Europe-luxembourg-Melodrama,3
Europe-luxembourg-Thriller,2
Europe-luxembourg-Animation,2
Europe-luxembourg-Comedy,6
Asia-kurd-Drama,8
Asia-kurd -Comedy,4
Europe-bulgaria-Drama,8
Asia-pakistan-Family,12
Asia-pakistan-Horror,6
Asia-pakistan-Documentary,44
Asia-pakistan-Drama,176
Asia-pakistan-Romance,32
Asia-pakistan-Melodrama,32
Asia-pakistan-Mystery,9
Asia-pakistan-Crime,6
Asia-pakistan-Thriller,11
Asia-pakistan-Period film,9
Asia-pakistan-Animation,11
Asia-pakistan-Action,15
Asia-pakistan-War,5
Asia-pakistan-Comedy,14
Asia-pakistan-Fantasy,2
South America-bolivia-Documentary,2
South America-bolivia-Drama,30
South America-bolivia-Romance,8
South America-bolivia-Melodrama,8
South America-bolivia-Mystery,2
South America-bolivia-Crime,10
South America-bolivia-Thriller,6
South America-bolivia-Action,6
South America-bolivia-Comedy,6
Asia-tadzhikistan-Drama,6
Asia-tadzhikistan-Thriller,2
Europe-england-Documentary,4
Europe-england-Drama,42
Europe-england-Romance,10
Europe-england-Melodrama,10
Europe-england-Thriller,4
Europe-england-Animation,3
Europe-england-Adventure,2
Europe-england-Comedy,3
Europe-england-Fantasy,2
Asia-mongol-Family,12
Asia-mongol-Horror,6
Asia-mongol-Documentary,44
Asia-mongol-Drama,176
Asia-mongol-Romance,32
Asia-mongol-Melodrama,32
Asia-mongol-Mystery,9
Asia-mongol-Crime,6
Asia-mongol-Thriller,11
Asia-mongol-Period film,9
Asia-mongol-Animation,11
Asia-mongol-Action,15
Asia-mongol-War,5
Asia-mongol-Comedy,14
Asia-mongol-Fantasy,2
Africa-rwanda-Documentary,9
Africa-rwanda-Drama,69
Africa-rwanda-Romance,6
Africa-rwanda-Melodrama,6
Africa-rwanda-Crime,2
Africa-rwanda-Thriller,4
Africa-rwanda-Animation,2
Africa-rwanda-Action,4
Africa-rwanda-War,4
Africa-rwanda-Comedy,11
Africa-senegal-Family,12
Africa-senegal-Horror,6
Africa-senegal-Documentary,44
Africa-senegal-Drama,176
Africa-senegal-Romance,32
Africa-senegal-Melodrama,32
Africa-senegal-Mystery,9
Africa-senegal-Crime,6
Africa-senegal-Thriller,11
Africa-senegal-Period film,9
Africa-senegal-Animation,11
Africa-senegal-Action,15
Africa-senegal-War,5
Africa-senegal-Comedy,14
Africa-senegal-Fantasy,2
Asia-bhutan-Drama,2
Asia-arab emirates-Family,2
Asia-arab emirates-Documentary,6
Asia-arab emirates-Drama,41
Asia-arab emirates-Romance,3
Asia-arab emirates-Melodrama,3
Asia-arab emirates-Thriller,2
Asia-arab emirates-Animation,2
Asia-arab emirates-Comedy,6
Asia-myanmar-Documentary,9
Asia-myanmar-Drama,69
Asia-myanmar-Romance,6
Asia-myanmar-Melodrama,6
Asia-myanmar-Crime,2
Asia-myanmar-Thriller,4
Asia-myanmar-Animation,2
Asia-myanmar-Action,4
Asia-myanmar-War,4
Asia-myanmar-Comedy,11
Asia-turkmenistan-Family,12
Asia-turkmenistan-Horror,6
Asia-turkmenistan-Documentary,44
Asia-turkmenistan-Drama,176
Asia-turkmenistan-Romance,32
Asia-turkmenistan-Melodrama,32
Asia-turkmenistan-Mystery,9
Asia-turkmenistan-Crime,6
Asia-turkmenistan-Thriller,11
Asia-turkmenistan-Period film,9
Asia-turkmenistan-Animation,11
Asia-turkmenistan-Action,15
Asia-turkmenistan-War,5
Asia-turkmenistan-Comedy,14
Asia-turkmenistan-Fantasy,2
North America-costarica-Documentary,4
North America-costarica-Drama,42
North America-costarica-Romance,10
North America-costarica-Melodrama,10
North America-costarica-Thriller,4
North America-costarica-Animation,3
North America-costarica-Adventure,2
North America-costarica-Comedy,3
North America-costarica-Fantasy,2
Asia-macao-Family,12
Asia-macao-Horror,6
Asia-macao-Documentary,44
Asia-macao-Drama,176
Asia-macao-Romance,32
Asia-macao-Melodrama,32
Asia-macao-Mystery,9
Asia-macao-Crime,6
Asia-macao-Thriller,11
Asia-macao-Period film,9
Asia-macao-Animation,11
Asia-macao-Action,15
Asia-macao-War,5
Asia-macao-Comedy,14
Asia-macao-Fantasy,2
Europe-belarus-Family,2
Europe-belarus-Documentary,3
Europe-belarus-Drama,14
Europe-belarus-Romance,3
Europe-belarus-Melodrama,3
Europe-belarus-Crime,3
Europe-belarus-Thriller,2
Europe-belarus-Animation,2
Europe-belarus-Action,2
Europe-belarus-Comedy,4
Africa-burkina faso-Documentary,9
Africa-burkina faso-Drama,69
Africa-burkina faso-Romance,6
Africa-burkina faso-Melodrama,6
Africa-burkina faso-Crime,2
Africa-burkina faso-Thriller,4
Africa-burkina faso-Animation,2
Africa-burkina faso-Action,4
Africa-burkina faso-War,4
Africa-burkina faso-Comedy,11
Africa-ivorycoast-Documentary,6
Africa-ivorycoast-Drama,25
Africa-ivorycoast-Romance,2
Africa-ivorycoast-Melodrama,2
Africa-ivorycoast-Thriller,5
Africa-ivorycoast-War,4
Africa-ivorycoast-Comedy,2
Africa-congo-Documentary,11
Africa-congo-Drama,55
Africa-congo-Romance,5
Africa-congo-Melodrama,5
Africa-congo-Crime,2
Africa-congo-Thriller,5
Africa-congo-Animation,4
Africa-congo-Action,3
Africa-congo-Adventure,3
Africa-congo-Comedy,5
Africa-zimbabwe-Family,12
Africa-zimbabwe-Horror,6
Africa-zimbabwe-Documentary,44
Africa-zimbabwe-Drama,176
Africa-zimbabwe-Romance,32
Africa-zimbabwe-Melodrama,32
Africa-zimbabwe-Mystery,9
Africa-zimbabwe-Crime,6
Africa-zimbabwe-Thriller,11
Africa-zimbabwe-Period film,9
Africa-zimbabwe-Animation,11
Africa-zimbabwe-Action,15
Africa-zimbabwe-War,5
Africa-zimbabwe-Comedy,14
Africa-zimbabwe-Fantasy,2
North America-nicaragua-Family,12
North America-nicaragua-Horror,6
North America-nicaragua-Documentary,44
North America-nicaragua-Drama,176
North America-nicaragua-Romance,32
North America-nicaragua-Melodrama,32
North America-nicaragua-Mystery,9
North America-nicaragua-Crime,6
North America-nicaragua-Thriller,11
North America-nicaragua-Period film,9
North America-nicaragua-Animation,11
North America-nicaragua-Action,15
North America-nicaragua-War,5
North America-nicaragua-Comedy,14
North America-nicaragua-Fantasy,2
Europe-scotland-Family,2
Europe-scotland-Documentary,6
Europe-scotland-Drama,41
Europe-scotland-Romance,3
Europe-scotland-Melodrama,3
Europe-scotland-Thriller,2
Europe-scotland-Animation,2
Europe-scotland-Comedy,6
Africa-nigeria-Documentary,9
Africa-nigeria-Drama,69
Africa-nigeria-Romance,6
Africa-nigeria-Melodrama,6
Africa-nigeria-Crime,2
Africa-nigeria-Thriller,4
Africa-nigeria-Animation,2
Africa-nigeria-Action,4
Africa-nigeria-War,4
Africa-nigeria-Comedy,11
Asia-bahrain-Drama,5
Africa-angola-Family,12
Africa-angola-Horror,6
Africa-angola-Documentary,44
Africa-angola-Drama,176
Africa-angola-Romance,32
Africa-angola-Melodrama,32
Africa-angola-Mystery,9
Africa-angola-Crime,6
Africa-angola-Thriller,11
Africa-angola-Period film,9
Africa-angola-Animation,11
Africa-angola-Action,15
Africa-angola-War,5
Africa-angola-Comedy,14
Africa-angola-Fantasy,2
Africa-guinea-Family,12
Africa-guinea-Horror,6
Africa-guinea-Documentary,44
Africa-guinea-Drama,176
Africa-guinea-Romance,32
Africa-guinea-Melodrama,32
Africa-guinea-Mystery,9
Africa-guinea-Crime,6
Africa-guinea-Thriller,11
Africa-guinea-Period film,9
Africa-guinea-Animation,11
Africa-guinea-Action,15
Africa-guinea-War,5
Africa-guinea-Comedy,14
Africa-guinea-Fantasy,2
Africa-uganda-Family,2
Africa-uganda-Documentary,4
Africa-uganda-Drama,14
Africa-uganda-Mystery,2
Africa-uganda-Crime,3
Africa-uganda-Thriller,7
Africa-uganda-Animation,2
Africa-uganda-Action,2
Asia-kurdistan-Family,12
Asia-kurdistan-Horror,6
Asia-kurdistan-Documentary,44
Asia-kurdistan-Drama,176
Asia-kurdistan-Romance,32
Asia-kurdistan-Melodrama,32
Asia-kurdistan-Mystery,9
Asia-kurdistan-Crime,6
Asia-kurdistan-Thriller,11
Asia-kurdistan-Period film,9
Asia-kurdistan-Animation,11
Asia-kurdistan-Action,15
Asia-kurdistan-War,5
Asia-kurdistan-Comedy,14
Asia-kurdistan-Fantasy,2
Africa-cameroon-Family,12
Africa-cameroon-Horror,6
Africa-cameroon-Documentary,44
Africa-cameroon-Drama,176
Africa-cameroon-Romance,32
Africa-cameroon-Melodrama,32
Africa-cameroon-Mystery,9
Africa-cameroon-Crime,6
Africa-cameroon-Thriller,11
Africa-cameroon-Period film,9
Africa-cameroon-Animation,11
Africa-cameroon-Action,15
Africa-cameroon-War,5
Africa-cameroon-Comedy,14
Africa-cameroon-Fantasy,2
South America-paraguay-Family,2
South America-paraguay-Documentary,6
South America-paraguay-Drama,41
South America-paraguay-Romance,3
South America-paraguay-Melodrama,3
South America-paraguay-Thriller,2
South America-paraguay-Animation,2
South America-paraguay-Comedy,6